_,_,_,_,_,_,_,_,_,_,_,_,_,_,_,_,_,_,_,_,_,_,_,_,_,_,_,_,_,_,_,_,_,_,_,_,_,_,_,_,_,_,_,_,_,_,_,_,_,_,_,_,_,_,_,_,_,_,_,_,_,_,_,_,_,_,_,_,_,_,_,_,_,_,_,_,_,_,_,_,_,_,_,_,_,_,_,_,_,_,_,_,_,_,_,_,_,_,_,_,_,_,_,_,_,_,_,_,_,_,_,_,_,_,_,_,_,_,_,_,_,_,_,_,_,_,_,_,_,_,_,_,_,_,_,_,_,_,_,_,_,_,_,_,_,_,_,_,_,_,_,_,_,_,_,_,_,_,_,_,_,_,_,_,_,_,_,_,_,_,_,_,_,_,_,_,_,_,_,_,_,_,_,_,_,_,_,_,_,_,_,_,_,_,_,_,_,_,_,_,_,_,_,_,_,_,_,_,_,_,_,_,_,_,_,_,_,_,_,_,_,_,_,_,_,_,_,_,_,_,_,_,_,_,_,_,_,_
_,_,_,_,_,_,_,lakitu,_,_,_,_,_,_,_,_,_,_,_,_,_,_,_,_,_,_,_,_,_,_,_,_,_,_,_,_,_,_,_,_,_,_,_,_,_,_,_,_,_,_,_,_,_,_,_,_,_,_,_,_,_,_,_,_,_,_,_,_,_,_,_,_,_,_,_,_,_,_,_,_,_,_,_,_,_,_,_,_,_,_,_,_,_,_,_,_,_,_,_,_,_,_,_,_,_,_,_,_,_,_,_,_,_,_,_,_,_,_,_,_,_,_,_,_,_,_,_,_,_,_,_,_,_,_,_,_,_,_,_,_,_,_,_,_,_,_,_,_,_,_,_,_,_,_,_,_,_,_,_,_,_,_,_,_,_,_,_,_,_,_,_,_,_,_,_,_,_,_,_,_,_,_,_,_,_,_,_,_,_,_,_,_,_,_,_,_,_,_,_,_,_,_,_,_,_,_,_,_,_,_,_,_,_,_,_,_,_,_,_,_,_,_,_,_,_,_,_,_,_,_,_,_,_,_,_,_,_,_
_,_,mario,_,_,_,_,_,_,_,_,_,_,_,_,_,_,_,_,_,_,_,_,_,_,_,_,_,_,_,_,_,_,_,_,_,_,_,_,_,_,_,_,_,_,cloud,_,_,_,_,_,_,_,,_,_,_,_,_,_,_,_,_,cloudMid,_,_,_,_,_,_,_,_,_,_,_,_,_,_,_,_,_,_,_,_,_,_,_,_,_,_,_,_,_,cloud,_,_,_,_,_,_,_,_,_,_,_,_,_,_,_,_,cloudMid,_,_,_,_,_,_,_,_,_,_,_,_,_,_,_,_,_,_,_,_,_,_,_,_,_,_,_,_,_,_,_,cloud,_,_,_,_,_,_,_,_,_,_,_,_,_,_,_,cloudMid,_,_,_,_,_,_,_,_,_,_,_,_,_,_,_,_,_,_,_,_,_,_,_,_,_,_,_,_,_,_,cloud,_,_,_,_,_,_,_,_,_,_,_,_,_,_,_,_,_,cloudMid,_,_,_,_,_,_,_,_,_,_,_,_,_,_,_,_,_,_,_,_,_,_,_,_,_,_,_,_,_,_
_,cloud,_,_,_,_,_,_,cloudMid,_,_,_,_,_,cloudLong,_,_,_,_,_,_,_,_,_,_,_,_,_,_,_,_,_,_,_,_,cloud,_,_,_,_,_,_,_,_,_,_,_,_,_,_,_,_,_,_,cloudLong,_,_,_,_,_,_,_,_,_,_,_,_,_,_,_,_,_,_,_,_,_,_,_,_,_,_,_,_,cloud,_,_,_,_,_,_,_,_,_,_,_,_,_,_,_,_,_,cloudLong,_,_,_,_,_,_,_,_,_,_,_,_,_,_,_,_,_,_,_,_,_,_,_,_,_,_,_,_,_,cloud,_,_,_,_,_,_,_,_,_,_,_,_,_,_,_,_,_,cloudLong,_,_,_,_,_,_,_,_,_,_,_,_,_,_,_,_,_,_,_,_,_,_,_,_,_,_,_,_,cloud,_,_,_,_,_,_,_,_,_,_,_,_,_,_,_,_,_,_,cloudLong,_,_,_,_,_,_,_,_,_,_,_,_,_,_,_,_,_,_,_,_,_,_,_,_,_,_,_,_,_,cloud,_,_,_,_,_,_,_,_,_,_
_,_,_,_,_,_,_,_,_,_,_,_,_,_,_,_,_,_,_,_,_,_,_,_,_,_,_,_,_,_,_,_,_,_,_,_,_,_,_,_,_,_,_,_,_,_,_,_,_,_,_,_,_,_,_,_,_,_,_,_,_,_,_,_,_,_,_,_,_,_,_,_,_,_,_,_,_,_,_,_,_,_,_,_,_,_,_,_,_,_,_,_,_,_,_,_,_,_,_,_,_,_,_,_,_,_,_,_,goomba,_,goomba,_,_,_,_,_,_,_,_,_,_,_,_,_,_,_,_,_,_,_,_,_,_,_,_,_,_,_,_,_,_,_,_,_,_,_,_,_,_,_,_,_,_,_,_,_,_,_,_,_,_,_,_,_,_,_,_,_,_,_,_,_,_,_,_,_,_,_,_,_,_,_,_,_,_,_,_,_,_,_,_,_,_,_,_,_,_,_,_,_,_,_,_,_,_,_,_,_,_,_,_,_,_,_,_,_,_,_,_,_,_,_,_,_,flagPole,_,_,_,_,_,_,_,_,_,_,_,_,_
_,_,_,_,_,_,_,_,_,brick,brick,brick,_,_,_,_,_,_,_,_,_,_,_,_,_,_,_,_,_,_,_,_,_,_,_,_,_,_,_,_,_,_,_,_,_,_,_,_,coinBlock,_,_,_,_,_,_,_,_,_,_,_,_,_,_,_,_,_,_,_,_,_,_,_,_,_,_,_,_,_,_,_,_,_,_,_,_,_,_,_,_,_,_,_,_,_,_,_,_,_,_,_,_,_,_,_,_,_,brick,brick,brick,brick,brick,brick,brick,brick,_,_,_,brick,brick,brick,coinBlock,_,_,_,_,_,_,_,_,_,_,_,_,_,_,mushroomBlock,_,_,_,_,_,_,_,_,_,_,_,brick,brick,brick,,_,_,_,brick,coinBlock,coinBlock,brick,_,_,_,_,_,_,_,_,_,_,_,_,_,_,_,_,_,_,_,_,_,_,_,_,_,_,_,_,_,_,_,_,_,_,_,_,_,_,_,_,_,_,_,_,_,_,_,_,_,_,_,_,_,_,_,_,indBrick,indBrick,_,_,_,_,_,_,_,flag,_,_,_,_,_,_,_,_,_,_,_,_,_,_
_,_,_,_,_,_,_,_,_,_,_,_,_,_,_,_,_,_,_,_,_,_,_,_,_,_,_,_,_,_,_,_,_,_,_,_,_,_,_,_,_,_,_,_,_,_,_,_,_,_,_,_,_,_,_,_,_,_,_,_,_,_,_,_,_,_,_,_,_,_,_,_,_,_,_,_,_,_,_,_,_,_,_,_,_,_,_,_,_,_,_,_,_,_,_,_,_,_,_,_,_,_,_,_,_,_,_,_,_,_,_,_,_,_,_,_,_,_,_,_,_,_,_,_,_,_,_,_,_,_,_,_,_,_,_,_,_,_,_,_,_,_,_,_,_,_,_,_,_,_,_,_,_,_,_,_,_,_,_,_,_,_,_,_,_,_,_,_,_,_,_,_,_,_,_,_,_,_,_,_,_,_,_,_,_,_,_,_,_,_,_,_,_,_,_,_,_,_,_,_,_,_,_,_,_,_,_,_,_,_,_,_,_,indBrick,indBrick,indBrick,_,_,_,_,_,_,_,_,_,_,_,_,_,_,_,_,_,_,_,_,_,_
_,_,_,_,_,_,_,_,_,_,_,_,_,_,_,_,_,_,_,_,_,_,_,_,_,_,_,_,_,_,_,_,_,_,_,_,_,_,_,_,_,_,_,_,_,_,_,_,_,_,_,_,_,_,_,_,_,_,_,_,_,_,_,_,_,_,_,_,_,_,_,_,_,_,_,_,_,_,_,_,_,_,_,_,_,_,_,_,_,_,_,_,_,_,_,_,_,_,_,_,_,_,_,_,_,_,_,_,_,_,_,_,_,_,_,_,_,_,_,_,_,_,_,_,_,_,_,_,_,_,_,_,_,_,_,_,_,_,_,_,_,_,_,_,_,_,_,_,_,_,_,_,_,_,_,_,_,_,_,_,_,_,_,_,_,_,_,_,_,_,_,_,_,_,_,_,_,_,_,_,_,_,_,_,_,_,_,_,_,_,_,_,_,_,_,_,_,_,_,_,_,_,_,_,_,_,_,_,_,_,_,_,indBrick,indBrick,indBrick,indBrick,_,_,_,_,_,_,_,_,_,_,_,_,_,_,_,_,_,_,_,_,_,_
_,_,_,_,_,_,_,_,_,_,_,_,_,_,_,_,_,_,_,_,_,_,_,_,_,_,_,_,_,_,_,_,_,_,_,_,_,_,_,_,_,_,_,_,_,_,_,_,_,_,_,_,_,_,_,_,_,_,_,_,_,_,_,_,_,_,_,_,_,_,_,_,_,_,_,_,_,_,_,_,_,_,_,_,_,_,_,_,_,_,hidBlock,_,_,_,_,_,_,_,_,_,_,_,_,_,_,_,_,_,_,_,_,_,_,_,_,_,_,_,_,_,_,_,_,_,_,_,_,_,_,_,_,_,_,_,_,_,_,_,_,,_,_,_,_,_,_,_,_,_,_,_,_,_,_,_,_,_,_,_,_,_,_,_,_,_,_,_,_,_,_,_,_,_,_,_,_,_,_,_,_,_,_,_,_,_,_,_,_,_,_,_,_,_,_,_,_,_,_,_,_,_,_,_,_,_,_,_,_,_,_,_,indBrick,indBrick,indBrick,indBrick,indBrick,_,_,_,_,_,_,_,_,_,_,_,_,_,_,castle,_,_,_,_,_,_,_
_,brick,_,coinBlock,_,_,mushroomBlock,_,_,oneUpBlock,_,_,flowerBlock,_,_,starBlock,_,_,hidBlock,_,_,multiBlock,_,_,_,_,_,_,_,_,_,_,_,_,_,_,_,_,_,_,_,_,coinBlock,_,_,_,brick,mushroomBlock,brick,coinBlock,brick,_,_,_,_,_,_,_,_,_,_,_,_,_,_,_,_,_,_,_,_,_,pipeTop,_,_,_,_,_,_,_,_,_,_,UGpipeTop,_,_,_,_,_,_,_,_,_,_,_,_,_,_,_,_,_,_,_,brick,mushroomBlock,brick,_,_,_,_,_,_,_,_,_,_,_,_,_,_,multiBlock,_,_,_,_,_,brick,starBlock,_,_,_,_,coinBlock,_,_,coinBlock,_,_,coinBlock,_,_,_,_,_,brick,_,_,_,_,_,_,_,_,_,_,brick,brick,_,_,_,_,_,_,indBrick,_,_,indBrick,_,_,_,_,_,_,_,_,_,_,indBrick,indBrick,_,_,indBrick,_,_,_,_,_,_,_,_,_,_,_,_,brick,brick,coinBlock,brick,_,_,_,_,_,_,_,_,_,_,_,_,indBrick,indBrick,indBrick,indBrick,indBrick,indBrick,_,_,_,_,_,_,_,_,_,_,_,_,_,_,_,_,_,_,_,_,_,_
_,_,_,_,_,_,_,_,_,_,_,_,_,_,_,_,_,_,_,_,_,_,_,_,_,_,_,_,_,_,_,_,_,_,_,_,_,_,_,_,_,_,_,_,_,_,_,_,_,_,_,_,_,_,_,_,_,_,_,_,_,_,_,_,pipeTop,_,_,_,_,_,_,_,_,_,_,_,_,_,_,_,_,_,_,_,_,_,_,_,_,_,_,_,_,_,_,_,_,_,_,_,_,_,_,_,_,_,_,_,_,_,_,_,_,_,_,_,_,_,_,_,_,_,_,_,_,_,_,_,_,_,_,_,_,_,_,_,_,_,_,_,_,_,_,_,_,_,_,_,_,_,_,_,_,_,_,_,_,_,_,_,_,_,indBrick,indBrick,_,_,indBrick,indBrick,_,_,_,_,_,_,_,_,indBrick,indBrick,indBrick,_,_,indBrick,indBrick,_,_,_,_,_,_,_,_,_,_,_,_,_,_,_,_,_,_,_,_,_,_,_,_,_,_,indBrick,indBrick,indBrick,indBrick,indBrick,indBrick,indBrick,_,_,_,_,_,_,_,_,_,_,_,_,_,_,_,_,_,_,_,_,_,_
hill,_,_,_,_,_,_,_,_,_,_,_,_,_,_,_,_,_,_,_,_,_,indBrick,_,_,_,pipeTop,_,_,_,_,_,_,_,_,_,_,_,_,_,_,_,_,_,_,_,_,_,_,_,_,_,_,_,_,pipeTop,_,_,_,_,_,_,_,_,_,_,_,_,_,_,_,_,pipeBody,_,_,hill,_,_,_,_,_,_,_,pipeBody,_,_,_,_,_,_,_,_,_,_,_,_,_,_,_,_,_,_,_,_,_,_,_,_,_,_,_,_,_,_,_,_,_,_,_,_,_,_,_,hill,_,_,_,_,_,_,_,_,_,_,_,_,_,_,_,_,_,_,_,_,_,_,_,_,_,_,_,_,_,_,_,_,_,_,_,_,_,indBrick,indBrick,indBrick,_,_,indBrick,indBrick,indBrick,_,hill,_,_,_,_,indBrick,indBrick,indBrick,indBrick,_,_,indBrick,indBrick,indBrick,_,_,_,_,_,pipeTop,_,_,_,_,_,_,_,_,_,_,_,_,_,_,_,pipeTop,_,_,indBrick,indBrick,indBrick,indBrick,indBrick,indBrick,indBrick,indBrick,_,_,hill,_,_,_,_,_,_,_,_,_,_,_,_,_,_,_,_,_,_,_
_,_,_,_,bush,_,goomba,_,bushMid,_,_,_,_,bushLong,_,_,_,_,_,_,_,_,indBrick,koopa,_,_,_,_,_,_,_,_,_,_,_,_,_,_,bushLong,_,_,hill,_,_,_,_,_,goomba,_,_,bush,_,_,_,_,_,_,_,_,_,_,_,_,_,pipeBody,_,goomba,bushMid,_,_,_,_,pipeBody,_,_,_,_,_,goomba,_,goomba,_,_,pipeBody,_,_,bushLong,_,_,hill,_,_,_,_,_,_,_,_,bush,_,_,_,_,_,_,_,_,_,_,_,_,_,_,_,_,bushMid,_,_,_,_,goomba,_,goomba,_,_,_,_,_,_,_,_,_,koopa,bushLong,_,_,_,hill,_,_,,_,_,_,_,_,bush,_,goomba,_,goomba,_,goomba,_,goomba,_,_,_,_,_,indBrick,indBrick,indBrick,indBrick,bush,_,indBrick,indBrick,indBrick,indBrick,_,_,_,_,indBrick,indBrick,indBrick,indBrick,indBrick,_,_,indBrick,indBrick,indBrick,indBrick,hill,_,_,_,_,_,_,_,_,bush,_,_,_,_,goomba,_,goomba,_,_,_,_,_,indBrick,indBrick,indBrick,indBrick,indBrick,indBrick,indBrick,indBrick,indBrick,_,_,_,_,_,_,_,_,_,_,_,_,_,_,_,_,_,_,_,_,_,_
grBrick,grBrick,grBrick,grBrick,grBrick,grBrick,grBrick,grBrick,grBrick,grBrick,grBrick,grBrick,grBrick,grBrick,grBrick,grBrick,grBrick,grBrick,grBrick,grBrick,grBrick,grBrick,grBrick,grBrick,grBrick,grBrick,grBrick,grBrick,grBrick,grBrick,grBrick,grBrick,grBrick,grBrick,grBrick,grBrick,grBrick,grBrick,grBrick,grBrick,grBrick,grBrick,grBrick,grBrick,grBrick,grBrick,grBrick,grBrick,grBrick,grBrick,grBrick,grBrick,grBrick,grBrick,grBrick,grBrick,grBrick,grBrick,grBrick,grBrick,grBrick,grBrick,grBrick,grBrick,grBrick,grBrick,grBrick,grBrick,grBrick,grBrick,grBrick,grBrick,grBrick,grBrick,grBrick,grBrick,grBrick,grBrick,grBrick,grBrick,grBrick,grBrick,grBrick,grBrick,grBrick,grBrick,grBrick,grBrick,grBrick,grBrick,grBrick,grBrick,grBrick,grBrick,grBrick,_,_,grBrick,grBrick,grBrick,grBrick,grBrick,grBrick,grBrick,grBrick,grBrick,grBrick,grBrick,grBrick,grBrick,grBrick,grBrick,_,_,_,grBrick,grBrick,grBrick,grBrick,grBrick,grBrick,grBrick,grBrick,grBrick,grBrick,grBrick,grBrick,grBrick,grBrick,grBrick,grBrick,grBrick,grBrick,grBrick,grBrick,grBrick,grBrick,grBrick,grBrick,grBrick,grBrick,grBrick,grBrick,grBrick,grBrick,grBrick,grBrick,grBrick,grBrick,grBrick,grBrick,grBrick,grBrick,grBrick,grBrick,grBrick,grBrick,grBrick,grBrick,grBrick,grBrick,grBrick,grBrick,grBrick,grBrick,grBrick,grBrick,grBrick,grBrick,grBrick,grBrick,grBrick,grBrick,grBrick,grBrick,grBrick,grBrick,grBrick,grBrick,_,_,grBrick,grBrick,grBrick,grBrick,grBrick,grBrick,grBrick,grBrick,grBrick,grBrick,grBrick,grBrick,grBrick,grBrick,grBrick,grBrick,grBrick,grBrick,grBrick,grBrick,grBrick,grBrick,grBrick,grBrick,grBrick,grBrick,grBrick,grBrick,grBrick,grBrick,grBrick,grBrick,grBrick,grBrick,grBrick,grBrick,grBrick,grBrick,grBrick,grBrick,grBrick,grBrick,grBrick,grBrick,grBrick,grBrick,grBrick,grBrick,grBrick,grBrick,grBrick,grBrick,grBrick,grBrick,grBrick,grBrick,grBrick
grBrick,grBrick,grBrick,grBrick,grBrick,grBrick,grBrick,grBrick,grBrick,grBrick,grBrick,grBrick,grBrick,grBrick,grBrick,grBrick,grBrick,grBrick,grBrick,grBrick,grBrick,grBrick,grBrick,grBrick,grBrick,grBrick,grBrick,grBrick,grBrick,grBrick,grBrick,grBrick,grBrick,grBrick,grBrick,grBrick,grBrick,grBrick,grBrick,grBrick,grBrick,grBrick,grBrick,grBrick,grBrick,grBrick,grBrick,grBrick,grBrick,grBrick,grBrick,grBrick,grBrick,grBrick,grBrick,grBrick,grBrick,grBrick,grBrick,grBrick,grBrick,grBrick,grBrick,grBrick,grBrick,grBrick,grBrick,grBrick,grBrick,grBrick,grBrick,grBrick,grBrick,grBrick,grBrick,grBrick,grBrick,grBrick,grBrick,grBrick,grBrick,grBrick,grBrick,grBrick,grBrick,grBrick,grBrick,grBrick,grBrick,grBrick,grBrick,grBrick,grBrick,grBrick,grBrick,_,_,grBrick,grBrick,grBrick,grBrick,grBrick,grBrick,grBrick,grBrick,grBrick,grBrick,grBrick,grBrick,grBrick,grBrick,grBrick,_,_,_,grBrick,grBrick,grBrick,grBrick,grBrick,grBrick,grBrick,grBrick,grBrick,grBrick,grBrick,grBrick,grBrick,grBrick,grBrick,grBrick,grBrick,grBrick,grBrick,grBrick,grBrick,grBrick,grBrick,grBrick,grBrick,grBrick,grBrick,grBrick,grBrick,grBrick,grBrick,grBrick,grBrick,grBrick,grBrick,grBrick,grBrick,grBrick,grBrick,grBrick,grBrick,grBrick,grBrick,grBrick,grBrick,grBrick,grBrick,grBrick,grBrick,grBrick,grBrick,grBrick,grBrick,grBrick,grBrick,grBrick,grBrick,grBrick,grBrick,grBrick,grBrick,grBrick,grBrick,grBrick,_,_,grBrick,grBrick,grBrick,grBrick,grBrick,grBrick,grBrick,grBrick,grBrick,grBrick,grBrick,grBrick,grBrick,grBrick,grBrick,grBrick,grBrick,grBrick,grBrick,grBrick,grBrick,grBrick,grBrick,grBrick,grBrick,grBrick,grBrick,grBrick,grBrick,grBrick,grBrick,grBrick,grBrick,grBrick,grBrick,grBrick,grBrick,grBrick,grBrick,grBrick,grBrick,grBrick,grBrick,grBrick,grBrick,grBrick,grBrick,grBrick,grBrick,grBrick,grBrick,grBrick,grBrick,grBrick,grBrick,grBrick,grBrick
grBrick,grBrick,grBrick,grBrick,grBrick,grBrick,grBrick,grBrick,grBrick,grBrick,grBrick,grBrick,grBrick,grBrick,grBrick,grBrick,grBrick,grBrick,grBrick,grBrick,grBrick,grBrick,grBrick,grBrick,grBrick,grBrick,grBrick,grBrick,grBrick,grBrick,grBrick,grBrick,grBrick,grBrick,grBrick,grBrick,grBrick,grBrick,grBrick,grBrick,grBrick,grBrick,grBrick,grBrick,grBrick,grBrick,grBrick,grBrick,grBrick,grBrick,grBrick,grBrick,grBrick,grBrick,grBrick,grBrick,grBrick,grBrick,grBrick,grBrick,grBrick,grBrick,grBrick,grBrick,grBrick,grBrick,grBrick,grBrick,grBrick,grBrick,grBrick,grBrick,grBrick,grBrick,grBrick,grBrick,grBrick,grBrick,grBrick,grBrick,grBrick,grBrick,grBrick,grBrick,grBrick,grBrick,grBrick,grBrick,grBrick,grBrick,grBrick,grBrick,grBrick,grBrick,grBrick,_,_,grBrick,grBrick,grBrick,grBrick,grBrick,grBrick,grBrick,grBrick,grBrick,grBrick,grBrick,grBrick,grBrick,grBrick,grBrick,_,_,_,grBrick,grBrick,grBrick,grBrick,grBrick,grBrick,grBrick,grBrick,grBrick,grBrick,grBrick,grBrick,grBrick,grBrick,grBrick,grBrick,grBrick,grBrick,grBrick,grBrick,grBrick,grBrick,grBrick,grBrick,grBrick,grBrick,grBrick,grBrick,grBrick,grBrick,grBrick,grBrick,grBrick,grBrick,grBrick,grBrick,grBrick,grBrick,grBrick,grBrick,grBrick,grBrick,grBrick,grBrick,grBrick,grBrick,grBrick,grBrick,grBrick,grBrick,grBrick,grBrick,grBrick,grBrick,grBrick,grBrick,grBrick,grBrick,grBrick,grBrick,grBrick,grBrick,grBrick,grBrick,_,_,grBrick,grBrick,grBrick,grBrick,grBrick,grBrick,grBrick,grBrick,grBrick,grBrick,grBrick,grBrick,grBrick,grBrick,grBrick,grBrick,grBrick,grBrick,grBrick,grBrick,grBrick,grBrick,grBrick,grBrick,grBrick,grBrick,grBrick,grBrick,grBrick,grBrick,grBrick,grBrick,grBrick,grBrick,grBrick,grBrick,grBrick,grBrick,grBrick,grBrick,grBrick,grBrick,grBrick,grBrick,grBrick,grBrick,grBrick,grBrick,grBrick,grBrick,grBrick,grBrick,grBrick,grBrick,grBrick,grBrick,grBrick
